{
  "properties": {
    "connectionReferences": {
      "shared_gmail": {
        "runtimeSource": "embedded",
        "connection": {
          "connectionReferenceLogicalName": "pc_sharedgmail_98b17"
        },
        "api": {
          "name": "shared_gmail"
        }
      },
      "shared_commondataserviceforapps": {
        "runtimeSource": "embedded",
        "connection": {
          "connectionReferenceLogicalName": "pc_sharedcommondataserviceforapps_3ca1e"
        },
        "api": {
          "name": "shared_commondataserviceforapps"
        }
      }
    },
    "definition": {
      "$schema": "https://schema.management.azure.com/providers/Microsoft.Logic/schemas/2016-06-01/workflowdefinition.json#",
      "contentVersion": "1.0.0.0",
      "parameters": {
        "$connections": {
          "defaultValue": {},
          "type": "Object"
        },
        "$authentication": {
          "defaultValue": {},
          "type": "SecureObject"
        }
      },
      "triggers": {
        "When_a_row_is_added,_modified_or_deleted": {
          "metadata": {
            "operationMetadataId": "f5190014-177c-4a4c-9cb1-49530d3a06c0"
          },
          "type": "OpenApiConnectionWebhook",
          "inputs": {
            "host": {
              "connectionName": "shared_commondataserviceforapps",
              "operationId": "SubscribeWebhookTrigger",
              "apiId": "/providers/Microsoft.PowerApps/apis/shared_commondataserviceforapps"
            },
            "parameters": {
              "subscriptionRequest/message": 3,
              "subscriptionRequest/entityname": "pc_animal",
              "subscriptionRequest/scope": 4
            },
            "authentication": "@parameters('$authentication')"
          }
        }
      },
      "actions": {
        "Condition": {
          "actions": {
            "Condition_2": {
              "actions": {
                "Compose": {
                  "runAfter": {},
                  "metadata": {
                    "operationMetadataId": "41ec4959-0d80-4078-a197-ed574791dd09"
                  },
                  "type": "Compose",
                  "inputs": "<img src=\"@{outputs('Getting_Animal_Information')?['body/pc_photourl']}\" />"
                },
                "Send_email_(V2)": {
                  "runAfter": {
                    "Compose": [
                      "Succeeded"
                    ]
                  },
                  "metadata": {
                    "operationMetadataId": "1f22d5df-8ae8-414e-a71c-1af65782fd1b"
                  },
                  "type": "OpenApiConnection",
                  "inputs": {
                    "host": {
                      "connectionName": "shared_gmail",
                      "operationId": "SendEmailV2",
                      "apiId": "/providers/Microsoft.PowerApps/apis/shared_gmail"
                    },
                    "parameters": {
                      "emailMessage/To": "venkatakalyani12b5@gmail.com",
                      "emailMessage/Subject": "Animal Fostering Notification - @{triggerOutputs()?['body/pc_name']}",
                      "emailMessage/Body": "<p>Hello @{outputs('Getting_Foster_Information')?['body/pc_fosterclaimername']},<br>\nThis is to inform you that your animal is ready for fostering:<br>\n@{outputs('Compose')}<br>\n<br>\n<strong>Name: </strong><strong>@{outputs('Getting_Animal_Information')?['body/pc_name']}</strong><strong><br>\n</strong><br>\n<strong>Pickup Date:</strong> @{formatDateTime(addDays(utcNow(), 3), 'MM/dd/yyyy')}<br>\n<br>\nPlease arrange a pick up time for the animal at your earliest convenience.<br>\n<br>\nRegards,<br>\n<strong>Animal Shelter Team.</strong><br>\n</p>"
                    },
                    "authentication": "@parameters('$authentication')"
                  }
                }
              },
              "runAfter": {},
              "else": {
                "actions": {
                  "Send_email_(V2)_2": {
                    "runAfter": {},
                    "metadata": {
                      "operationMetadataId": "1f22d5df-8ae8-414e-a71c-1af65782fd1b"
                    },
                    "type": "OpenApiConnection",
                    "inputs": {
                      "host": {
                        "connectionName": "shared_gmail",
                        "operationId": "SendEmailV2",
                        "apiId": "/providers/Microsoft.PowerApps/apis/shared_gmail"
                      },
                      "parameters": {
                        "emailMessage/To": "venkatakalyani12b5@gmail.com",
                        "emailMessage/Subject": "Animal Fostering Notification - @{triggerOutputs()?['body/pc_name']}",
                        "emailMessage/Body": "<p>Hello @{outputs('Getting_Foster_Information')?['body/pc_fosterclaimername']},<br>\nThis is to inform you that your animal is ready for fostering:<br>\n<br>\n<strong>Name: </strong><strong>@{outputs('Getting_Animal_Information')?['body/pc_name']}</strong><strong><br>\n</strong><br>\n<strong>Pickup Date:</strong> @{formatDateTime(addDays(utcNow(), 3), 'MM/dd/yyyy')}<br>\n<br>\nPlease arrange a pick up time for the animal at your earliest convenience.<br>\n<br>\nRegards,<br>\n<strong>Animal Shelter Team.</strong><br>\n</p>"
                      },
                      "authentication": "@parameters('$authentication')"
                    }
                  }
                }
              },
              "expression": {
                "not": {
                  "equals": [
                    "@outputs('Getting_Animal_Information')?['body/pc_photo']",
                    "@null"
                  ]
                }
              },
              "metadata": {
                "operationMetadataId": "6ae6e5e9-0988-4444-8df3-ae2ea7768271"
              },
              "type": "If"
            }
          },
          "runAfter": {
            "Getting_Foster_Information": [
              "Succeeded"
            ]
          },
          "expression": {
            "equals": [
              "@triggerOutputs()?['body/pc_shelterstatus']",
              827250006
            ]
          },
          "metadata": {
            "operationMetadataId": "26977a9d-206b-48c8-b57e-b71df9e7de3d"
          },
          "type": "If"
        },
        "Getting_Animal_Information": {
          "runAfter": {},
          "metadata": {
            "operationMetadataId": "6777e839-74ed-479d-a245-5e2e3569d2d0"
          },
          "type": "OpenApiConnection",
          "inputs": {
            "host": {
              "connectionName": "shared_commondataserviceforapps",
              "operationId": "GetItem",
              "apiId": "/providers/Microsoft.PowerApps/apis/shared_commondataserviceforapps"
            },
            "parameters": {
              "entityName": "pc_animals",
              "recordId": "@triggerOutputs()?['body/pc_animalid']"
            },
            "authentication": "@parameters('$authentication')"
          }
        },
        "Getting_Foster_Information": {
          "runAfter": {
            "Getting_Animal_Information": [
              "Succeeded"
            ]
          },
          "metadata": {
            "operationMetadataId": "db664e36-bc46-422c-bf31-68b6916ae063"
          },
          "type": "OpenApiConnection",
          "inputs": {
            "host": {
              "connectionName": "shared_commondataserviceforapps",
              "operationId": "GetItem",
              "apiId": "/providers/Microsoft.PowerApps/apis/shared_commondataserviceforapps"
            },
            "parameters": {
              "entityName": "pc_fosters",
              "recordId": "@triggerOutputs()?['body/_pc_fosterclaimer_value']"
            },
            "authentication": "@parameters('$authentication')"
          }
        }
      }
    },
    "templateName": ""
  },
  "schemaVersion": "1.0.0.0"
}